{
  "confirmation": "success",
  "data": {
    "request": {
      "zpid": "58162520",
      "count": "3"
    },
    "message": {
      "text": "Request successfully processed",
      "code": "0"
    },
    "response": {
      "properties": {
        "principal": [
          {
            "zpid": [
              "58162520"
            ],
            "links": [
              {
                "homedetails": [
                  "https://www.zillow.com/homedetails/22-Dale-St-Windsor-Locks-CT-06096/58162520_zpid/"
                ],
                "graphsanddata": [
                  "http://www.zillow.com/homedetails/22-Dale-St-Windsor-Locks-CT-06096/58162520_zpid/#charts-and-data"
                ],
                "mapthishome": [
                  "http://www.zillow.com/homes/58162520_zpid/"
                ],
                "comparables": [
                  "http://www.zillow.com/homes/comps/58162520_zpid/"
                ]
              }
            ],
            "address": [
              {
                "street": [
                  "22 Dale St"
                ],
                "zipcode": [
                  "06096"
                ],
                "city": [
                  "WINDSOR LOCKS"
                ],
                "state": [
                  "CT"
                ],
                "latitude": [
                  "41.933385"
                ],
                "longitude": [
                  "-72.657157"
                ]
              }
            ],
            "zestimate": [
              {
                "amount": [
                  {
                    "_": "221956",
                    "$": {
                      "currency": "USD"
                    }
                  }
                ],
                "last-updated": [
                  "05/12/2018"
                ],
                "oneWeekChange": [
                  {
                    "$": {
                      "deprecated": "true"
                    }
                  }
                ],
                "valueChange": [
                  {
                    "_": "22322",
                    "$": {
                      "duration": "30",
                      "currency": "USD"
                    }
                  }
                ],
                "valuationRange": [
                  {
                    "low": [
                      {
                        "_": "210858",
                        "$": {
                          "currency": "USD"
                        }
                      }
                    ],
                    "high": [
                      {
                        "_": "233054",
                        "$": {
                          "currency": "USD"
                        }
                      }
                    ]
                  }
                ],
                "percentile": [
                  "81"
                ]
              }
            ],
            "localRealEstate": [
              {
                "region": [
                  {
                    "$": {
                      "name": "Windsor Locks",
                      "id": "55232",
                      "type": "city"
                    },
                    "zindexValue": [
                      "165,600"
                    ],
                    "links": [
                      {
                        "overview": [
                          "http://www.zillow.com/local-info/CT-Windsor-Locks/r_55232/"
                        ],
                        "forSaleByOwner": [
                          "http://www.zillow.com/windsor-locks-ct/fsbo/"
                        ],
                        "forSale": [
                          "http://www.zillow.com/windsor-locks-ct/"
                        ]
                      }
                    ]
                  }
                ]
              }
            ]
          }
        ],
        "comparables": [
          {
            "comp": [
              {
                "$": {
                  "score": "18.0"
                },
                "zpid": [
                  "57793084"
                ],
                "links": [
                  {
                    "homedetails": [
                      "https://www.zillow.com/homedetails/205-Carriage-Way-Windsor-CT-06095/57793084_zpid/"
                    ],
                    "graphsanddata": [
                      "http://www.zillow.com/homedetails/205-Carriage-Way-Windsor-CT-06095/57793084_zpid/#charts-and-data"
                    ],
                    "mapthishome": [
                      "http://www.zillow.com/homes/57793084_zpid/"
                    ],
                    "comparables": [
                      "http://www.zillow.com/homes/comps/57793084_zpid/"
                    ]
                  }
                ],
                "address": [
                  {
                    "street": [
                      "205 Carriage Way"
                    ],
                    "zipcode": [
                      "06095"
                    ],
                    "city": [
                      "WINDSOR"
                    ],
                    "state": [
                      "CT"
                    ],
                    "latitude": [
                      "41.877941"
                    ],
                    "longitude": [
                      "-72.630735"
                    ]
                  }
                ],
                "zestimate": [
                  {
                    "amount": [
                      {
                        "_": "246851",
                        "$": {
                          "currency": "USD"
                        }
                      }
                    ],
                    "last-updated": [
                      "05/12/2018"
                    ],
                    "oneWeekChange": [
                      {
                        "$": {
                          "deprecated": "true"
                        }
                      }
                    ],
                    "valueChange": [
                      {
                        "_": "-3410",
                        "$": {
                          "duration": "30",
                          "currency": "USD"
                        }
                      }
                    ],
                    "valuationRange": [
                      {
                        "low": [
                          {
                            "_": "227103",
                            "$": {
                              "currency": "USD"
                            }
                          }
                        ],
                        "high": [
                          {
                            "_": "259194",
                            "$": {
                              "currency": "USD"
                            }
                          }
                        ]
                      }
                    ],
                    "percentile": [
                      "77"
                    ]
                  }
                ],
                "localRealEstate": [
                  {
                    "region": [
                      {
                        "$": {
                          "name": "Windsor",
                          "id": "50553",
                          "type": "city"
                        },
                        "zindexValue": [
                          "191,900"
                        ],
                        "links": [
                          {
                            "overview": [
                              "http://www.zillow.com/local-info/CT-Windsor/r_50553/"
                            ],
                            "forSaleByOwner": [
                              "http://www.zillow.com/windsor-ct/fsbo/"
                            ],
                            "forSale": [
                              "http://www.zillow.com/windsor-ct/"
                            ]
                          }
                        ]
                      }
                    ]
                  }
                ]
              },
              {
                "$": {
                  "score": "14.0"
                },
                "zpid": [
                  "63422100"
                ],
                "links": [
                  {
                    "homedetails": [
                      "https://www.zillow.com/homedetails/446-Pembrooke-Ln-Windsor-CT-06095/63422100_zpid/"
                    ],
                    "graphsanddata": [
                      "http://www.zillow.com/homedetails/446-Pembrooke-Ln-Windsor-CT-06095/63422100_zpid/#charts-and-data"
                    ],
                    "mapthishome": [
                      "http://www.zillow.com/homes/63422100_zpid/"
                    ],
                    "comparables": [
                      "http://www.zillow.com/homes/comps/63422100_zpid/"
                    ]
                  }
                ],
                "address": [
                  {
                    "street": [
                      "446 Pembrooke Ln"
                    ],
                    "zipcode": [
                      "06095"
                    ],
                    "city": [
                      "WINDSOR"
                    ],
                    "state": [
                      "CT"
                    ],
                    "latitude": [
                      "41.891564"
                    ],
                    "longitude": [
                      "-72.643243"
                    ]
                  }
                ],
                "zestimate": [
                  {
                    "amount": [
                      {
                        "_": "261955",
                        "$": {
                          "currency": "USD"
                        }
                      }
                    ],
                    "last-updated": [
                      "05/12/2018"
                    ],
                    "oneWeekChange": [
                      {
                        "$": {
                          "deprecated": "true"
                        }
                      }
                    ],
                    "valueChange": [
                      {
                        "_": "-1076",
                        "$": {
                          "duration": "30",
                          "currency": "USD"
                        }
                      }
                    ],
                    "valuationRange": [
                      {
                        "low": [
                          {
                            "_": "248857",
                            "$": {
                              "currency": "USD"
                            }
                          }
                        ],
                        "high": [
                          {
                            "_": "275053",
                            "$": {
                              "currency": "USD"
                            }
                          }
                        ]
                      }
                    ],
                    "percentile": [
                      "84"
                    ]
                  }
                ],
                "localRealEstate": [
                  {
                    "region": [
                      {
                        "$": {
                          "name": "Windsor",
                          "id": "50553",
                          "type": "city"
                        },
                        "zindexValue": [
                          "191,900"
                        ],
                        "links": [
                          {
                            "overview": [
                              "http://www.zillow.com/local-info/CT-Windsor/r_50553/"
                            ],
                            "forSaleByOwner": [
                              "http://www.zillow.com/windsor-ct/fsbo/"
                            ],
                            "forSale": [
                              "http://www.zillow.com/windsor-ct/"
                            ]
                          }
                        ]
                      }
                    ]
                  }
                ]
              },
              {
                "$": {
                  "score": "17.0"
                },
                "zpid": [
                  "57791602"
                ],
                "links": [
                  {
                    "homedetails": [
                      "https://www.zillow.com/homedetails/42-Glenwood-Dr-Windsor-CT-06095/57791602_zpid/"
                    ],
                    "graphsanddata": [
                      "http://www.zillow.com/homedetails/42-Glenwood-Dr-Windsor-CT-06095/57791602_zpid/#charts-and-data"
                    ],
                    "mapthishome": [
                      "http://www.zillow.com/homes/57791602_zpid/"
                    ],
                    "comparables": [
                      "http://www.zillow.com/homes/comps/57791602_zpid/"
                    ]
                  }
                ],
                "address": [
                  {
                    "street": [
                      "42 Glenwood Dr"
                    ],
                    "zipcode": [
                      "06095"
                    ],
                    "city": [
                      "WINDSOR"
                    ],
                    "state": [
                      "CT"
                    ],
                    "latitude": [
                      "41.874243"
                    ],
                    "longitude": [
                      "-72.639345"
                    ]
                  }
                ],
                "zestimate": [
                  {
                    "amount": [
                      {
                        "_": "233087",
                        "$": {
                          "currency": "USD"
                        }
                      }
                    ],
                    "last-updated": [
                      "05/12/2018"
                    ],
                    "oneWeekChange": [
                      {
                        "$": {
                          "deprecated": "true"
                        }
                      }
                    ],
                    "valueChange": [
                      {
                        "_": "-3599",
                        "$": {
                          "duration": "30",
                          "currency": "USD"
                        }
                      }
                    ],
                    "valuationRange": [
                      {
                        "low": [
                          {
                            "_": "221433",
                            "$": {
                              "currency": "USD"
                            }
                          }
                        ],
                        "high": [
                          {
                            "_": "244741",
                            "$": {
                              "currency": "USD"
                            }
                          }
                        ]
                      }
                    ],
                    "percentile": [
                      "72"
                    ]
                  }
                ],
                "localRealEstate": [
                  {
                    "region": [
                      {
                        "$": {
                          "name": "Windsor",
                          "id": "50553",
                          "type": "city"
                        },
                        "zindexValue": [
                          "191,900"
                        ],
                        "links": [
                          {
                            "overview": [
                              "http://www.zillow.com/local-info/CT-Windsor/r_50553/"
                            ],
                            "forSaleByOwner": [
                              "http://www.zillow.com/windsor-ct/fsbo/"
                            ],
                            "forSale": [
                              "http://www.zillow.com/windsor-ct/"
                            ]
                          }
                        ]
                      }
                    ]
                  }
                ]
              }
            ]
          }
        ]
      }
    }
  }
}
