{
  "confirmation": "success",
  "data": {
    "request": {
      "address": "25 Anthony St",
      "citystatezip": "06096"
    },
    "message": {
      "text": "Request successfully processed",
      "code": "0"
    },
    "response": {
      "results": {
        "result": [
          {
            "zpid": [
              "58162086"
            ],
            "links": [
              {
                "homedetails": [
                  "https://www.zillow.com/homedetails/25-Anthony-St-Windsor-Locks-CT-06096/58162086_zpid/"
                ],
                "graphsanddata": [
                  "http://www.zillow.com/homedetails/25-Anthony-St-Windsor-Locks-CT-06096/58162086_zpid/#charts-and-data"
                ],
                "mapthishome": [
                  "http://www.zillow.com/homes/58162086_zpid/"
                ],
                "comparables": [
                  "http://www.zillow.com/homes/comps/58162086_zpid/"
                ]
              }
            ],
            "address": [
              {
                "street": [
                  "25 Anthony St"
                ],
                "zipcode": [
                  "06096"
                ],
                "city": [
                  "WINDSOR LOCKS"
                ],
                "state": [
                  "CT"
                ],
                "latitude": [
                  "41.924683"
                ],
                "longitude": [
                  "-72.638766"
                ]
              }
            ],
            "zestimate": [
              {
                "amount": [
                  {
                    "_": "173984",
                    "$": {
                      "currency": "USD"
                    }
                  }
                ],
                "last-updated": [
                  "05/07/2018"
                ],
                "oneWeekChange": [
                  {
                    "$": {
                      "deprecated": "true"
                    }
                  }
                ],
                "valueChange": [
                  {
                    "_": "9568",
                    "$": {
                      "duration": "30",
                      "currency": "USD"
                    }
                  }
                ],
                "valuationRange": [
                  {
                    "low": [
                      {
                        "_": "165285",
                        "$": {
                          "currency": "USD"
                        }
                      }
                    ],
                    "high": [
                      {
                        "_": "182683",
                        "$": {
                          "currency": "USD"
                        }
                      }
                    ]
                  }
                ],
                "percentile": [
                  "0"
                ]
              }
            ],
            "localRealEstate": [
              {
                "region": [
                  {
                    "$": {
                      "name": "Windsor Locks",
                      "id": "55232",
                      "type": "city"
                    },
                    "zindexValue": [
                      "165,600"
                    ],
                    "links": [
                      {
                        "overview": [
                          "http://www.zillow.com/local-info/CT-Windsor-Locks/r_55232/"
                        ],
                        "forSaleByOwner": [
                          "http://www.zillow.com/windsor-locks-ct/fsbo/"
                        ],
                        "forSale": [
                          "http://www.zillow.com/windsor-locks-ct/"
                        ]
                      }
                    ]
                  }
                ]
              }
            ]
          }
        ]
      }
    }
  }
}
